{"stats":{"minecraft:mined":{"minecraft:tall_grass":1,"minecraft:grass":31,"minecraft:oak_log":2},"minecraft:custom":{"minecraft:jump":100,"minecraft:time_since_rest":10845,"minecraft:walk_on_water_one_cm":272,"minecraft:play_one_minute":10845,"minecraft:damage_taken":40,"minecraft:sprint_one_cm":16638,"minecraft:time_since_death":10845,"minecraft:walk_one_cm":1874,"minecraft:walk_under_water_one_cm":60,"minecraft:swim_one_cm":273,"minecraft:fall_one_cm":4081,"minecraft:fly_one_cm":71845},"minecraft:picked_up":{"minecraft:oak_log":2,"minecraft:wheat_seeds":4}},"DataVersion":2586}